<?xml version="1.0" encoding="UTF-8"?>
<gesmes:Envelope xmlns:gesmes="http://www.gesmes.org/xml/2002-08-01" xmlns="http://www.ecb.int/vocabulary/2002-08-01/eurofxref">
	<gesmes:subject>Reference rates</gesmes:subject>
	<gesmes:Sender>
		<gesmes:name>European Central Bank</gesmes:name>
	</gesmes:Sender>
	<Cube>
		<Cube time='2024-02-23'>
			<Cube currency='USD' rate='1.0834'/>
			<Cube currency='JPY' rate='162.91'/>
			<Cube currency='BGN' rate='1.9558'/>
			<Cube currency='CZK' rate='25.354'/>
			<Cube currency='DKK' rate='7.4544'/>
			<Cube currency='GBP' rate='0.85340'/>
			<Cube currency='HUF' rate='388.47'/>
			<Cube currency='PLN' rate='4.3118'/>
			<Cube currency='RON' rate='4.9744'/>
			<Cube currency='SEK' rate='11.1545'/>
			<Cube currency='CHF' rate='0.9522'/>
			<Cube currency='ISK' rate='148.50'/>
			<Cube currency='NOK' rate='11.3890'/>
			<Cube currency='TRY' rate='33.6842'/>
			<Cube currency='AUD' rate='1.6467'/>
			<Cube currency='BRL' rate='5.3831'/>
			<Cube currency='CAD' rate='1.4587'/>
			<Cube currency='CNY' rate='7.7972'/>
			<Cube currency='HKD' rate='8.4760'/>
			<Cube currency='IDR' rate='16907.87'/>
			<Cube currency='ILS' rate='3.9322'/>
			<Cube currency='INR' rate='89.8170'/>
			<Cube currency='KRW' rate='1440.95'/>
			<Cube currency='MXN' rate='18.5089'/>
			<Cube currency='MYR' rate='5.1759'/>
			<Cube currency='NZD' rate='1.7445'/>
			<Cube currency='PHP' rate='60.562'/>
			<Cube currency='SGD' rate='1.4553'/>
			<Cube currency='THB' rate='39.013'/>
			<Cube currency='ZAR' rate='20.8672'/>
		</Cube>
	</Cube>
</gesmes:Envelope>